{
  "accuracy": 0.862119940926,
  "f1": 0.591391623238757
}