{
  "accuracy": 0.8511199409261929,
  "f1": 0.591391623238757
}